Company,Year,Total Revenue,Net Income,Total Assets,Total Liabilities,Cash Flow from Operating Activities,Total Revenue Growth (%),Net Income Growth (%),Total Assets Growth (%),Total Liabilities Growth (%),Cash Flow from Operating Activities Growth (%),Net Profit Margin (%),Return on Assets (%),Debt to Assets Ratio
Apple,2022,394328,99803,352755,287912,122151,,,,,,25.31,28.29,0.816
Apple,2023,366764,99803,335033,261132,122151,-6.99,0.0,-5.02,-9.3,0.0,27.21,29.79,0.779
Apple,2024,394328,96995,352755,287912,110543,7.52,-2.81,5.29,10.26,-9.5,24.6,27.5,0.816
Microsoft,2022,168088,61271,364840,169860,76112,,,,,,36.45,16.79,0.466
Microsoft,2023,198270,67596,364840,169860,87219,17.96,10.32,0.0,0.0,14.59,34.09,18.53,0.466
Microsoft,2024,211915,72361,419441,198193,87708,6.88,7.05,14.97,16.68,0.56,34.15,17.25,0.473
Tesla,2022,80000,8000,160000,80000,12000,,,,,,10.0,5.0,0.5
Tesla,2023,90000,9000,180000,90000,13500,12.5,12.5,12.5,12.5,12.5,10.0,5.0,0.5
Tesla,2024,100000,10000,200000,100000,15000,11.11,11.11,11.11,11.11,11.11,10.0,5.0,0.5
